USE lol;

INSERT INTO champion(`name`, `race`) VALUES
						('Aatrox', 'Darkin'),
						('Ahri', 'Vastaya'),
						('Akali', 'Humaine'),
						('Akshan', 'Humain'),
						('Alistar', 'Minotaure'),
						('Ambessa', 'Humaine'),
						('Amumu', 'Yordle momifié'),
						('Anivia', 'Déesse demi-divine en forme de phénix'),
						('Annie', 'Humaine'),
						('Aphelios', 'Humain'),
						('Ashe', 'Humaine'),
						('Aurelion Sol', 'Dragon cosmique'),
						('Aurora', 'Vastaya'),
						('Azir', 'Ascendant shurimien'),
						('Bard', 'Entité céleste'),
						('Bel’Veth', 'Créature du Néant'),
						('Blitzcrank', 'Golem de vapeur'),
						('Brand', 'Humain possédé par le feu'),
						('Braum', 'Humain'),
						('Briar', 'Création hémomancienne'),
						('Caitly', 'Humaine'),
						('Camille', 'Humaine augmentée'),
						('Cassiopeia', 'Naga / Humaine maudite'),
						('Cho’Gath', 'Créature du Néant'),
						('Corki', 'Yordle'),
						('Darius', 'Humain'),
						('Diana', 'Aspect lunaire'),
						('Dr. Mundo', 'Humain muté'),
						('Draven', 'Humain'),
						('Ekko', 'Humain'),
						('Elise', 'Humaine transformée'),
						('Evelynn', 'Démon'),
						('Ezreal', 'Humain'),
						('Fiddlesticks', 'Entité démoniaque'),
						('Fiora', 'Humaine'),
						('Fizz', 'Créature amphibienne yordle-esque'),
						('Galio', 'Golem de pierre vivante'),
						('Gangplank', 'Humain'),
						('Garen', 'Humain'),
						('Gnar', 'Yordle'),
						('Gragas', 'Humain'),
						('Graves', 'Humain'),
						('Gwen', 'Poupée magique devenue vivante'),
						('Hecarim', 'Centaure spectral'),
						('Heimerdinger', 'Yordle'),
						('Hwei', 'Humain'),
						('Illaoi', 'Humaine'),
						('Irelia', 'Humaine'),
						('Ivern', 'Entité sylvestre / ancien humain'),
						('Janna', 'Esprit du vent'),
						('Jarvan IV', 'Humain'),
						('Jax', 'humain transformé'),
						('Jayce', 'Humain'),
						('Jhin', 'Humain'),
						('Jinx', 'Humaine'),
						('Kai\'Sa', 'Humaine symbiotique avec le Néant'),
						('Kalista', 'Esprit vengeur'),
						('K\'Sante', 'Humain'),
						('Karma', 'Humaine réincarnée'),
						('Karthus', 'Liche / Ancien humain'),
						('Kassadin', 'Humain altéré par le Néant'),
						('Katarina', 'Humaine'),
						('Kayle', 'Aspect / Humaine ascendante'),
						('Kayn', 'Humain fusionné avec un Darkin'),
						('Kennen', 'Yordle'),
						('Kha’Zix', 'Créature du Néant'),
						('Kindred', 'Entité spirituelle'),
						('Kled', 'Yordle'),
						('Kog\'Maw', 'Créature du Néant'),
						('LeBlanc', 'Humaine'),
						('Lee Sin', 'Humain'),
						('Leona', 'Aspect solaire / Humaine'),
						('Lillia', 'Faune magique'),
						('Lissandra', 'Sorcière de glace / Humaine transformée'),
						('Lucian', 'Humain'),
						('Lulu', 'Yordle'),
						('Lux', 'Humaine'),
						('Milio', 'Humain'),
						('Malphite', 'Fragment de Monolithe'),
						('Malzahar', 'Humain / Serviteur du Néant'),
						('Maokai', 'Esprit de la nature'),
						('Master Yi', 'Humain'),
						('Mel', 'Humaine'),
						('Miss Fortune', 'Humaine'),
						('Mordekaiser', 'Revenant / Ancien humain'),
						('Morgana', 'Humaine ascendante'),
						('Naafiri', 'Âme multiple dans un corps de chien'),
						('Nami', 'Vastaya de l’océan / Marai'),
						('Nasus', 'Ascendant shurimien à tête de chacal'),
						('Nautilus', 'Géant en armure / Esprit vengeur'),
						('Neeko', 'Vastaya'),
						('Nidalee', 'Humaine avec traits vastayas'),
						('Nilah', 'Humaine possédée par une entité de la Joie'),
						('Nocturne', 'Démon'),
						('Nunu', 'Humain'),
						('Willump', 'Yéti'),
						('Olaf', 'Humain'),
						('Orianna', 'Automate / Ancienne humaine'),
						('Ornn', 'Demi-dieu forgeur'),
						('Pantheon', 'Aspect / Hôte humain'),
						('Poppy', 'Yordle'),
						('Pyke', 'Spectre'),
						('Qiyana', 'Humaine'),
						('Quinn', 'Humaine'),
						('Rakan', 'Vastaya'),
						('Rammus', 'Mystérieux / armadillo transformé'),
						('Rek\'Sai', 'Créature du Néant'),
						('Rell', 'Humaine'),
						('Renata Glasc', 'Humaine'),
						('Renekton', 'Ascendant shurimien à tête de crocodile'),
						('Rengar', 'Vastaya félin'),
						('Riven', 'Humaine'),
						('Rumble', 'Yordle'),
						('Ryze', 'Humain'),
						('Samira', 'Humaine'),
						('Sejuani', 'Humaine'),
						('Senna', 'Humaine / Spectre partiel'),
						('Seraphine', 'Humaine'),
						('Sett', 'Hybride Humain-Vastaya'),
						('Shaco', 'Création magique'),
						('Shen', 'Humain'),
						('Shyvana', 'Hybride dragon-humaine'),
						('Singed', 'Humain'),
						('Sion', 'Mort-vivant'),
						('Sivir', 'Humaine'),
						('Skarner', 'Brackern'),
						('Smolder', 'Dragon'),
						('Sona', 'Humaine'),
						('Soraka', 'Céleste incarnée'),
						('Swain', 'Humain / lié à un démon'),
						('Sylas', 'Humain'),
						('Syndra', 'Humaine'),
						('Tahm Kench', 'Démon'),
						('Taliyah', 'Humaine'),
						('Talon', 'Humain'),
						('Taric', 'Aspect / Hôte humain'),
						('Teemo', 'Yordle'),
						('Thresh', 'Spectre'),
						('Tristana', 'Yordle'),
						('Trundle', 'Troll'),
						('Tryndamere', 'Humain / partiellement possédé'),
						('Twisted Fate', 'Humain'),
						('Twitch', 'Rat muté'),
						('Udyr', 'Humain chamanique'),
						('Urgot', 'Humain muté / cyborg'),
						('Varus', 'Esprit du Néant fusionné à deux humains'),
						('Vayne', 'Humaine'),
						('Veigar', 'Yordle'),
						('Vel’Koz', 'Créature du Néant'),
						('Vex', 'Yordle'),
						('Vi', 'Humaine'),
						('Viego', 'Spectre / ancien humain'),
						('Viktor', 'Humain amélioré'),
						('Vladimir', 'Humaine hémomancien'),
						('Volibear', 'Demi-dieu ours'),
						('Warwick', 'Bête / ancien humain'),
						('Wukong', 'Vastaya singe'),
						('Xayah', 'Vastaya'),
						('Xerath', 'Être d’énergie arcanique / ancien humain'),
						('Xin Zhao', 'Humain'),
						('Yasuo', 'Humain'),
						('Yone', 'Esprit / ancien humain'),
						('Yorick', 'Humain'),
						('Yuumi', 'Chat magique'),
						('Zac', 'Expérimentation chimique / gel vivant'),
						('Zed', 'Humain'),
						('Zeri', 'Humaine'),
						('Ziggs', 'Yordle'),
						('Zilean', 'Humain'),
						('Zoe', 'Aspect de l’Imagination'),
						('Zyra', 'Esprit de la nature / plante consciente');

INSERT INTO `role`(`name`) VALUES
						('Top'), 
                        ('Jungle'), 
                        ('Middle'), 
                        ('ADC'), 
                        ('Support');

INSERT INTO competition_level(`name`) VALUES
						('Tier 1'),
                        ('Tier 2'),
                        ('Tier 3'),
                        ('International tournaments');
                        

INSERT INTO region(`name`) VALUES
						('Amériques'), 
                        ('Europe'), 
                        ('Corée du sud'), 
                        ('Chine'), 
                        ('France'),
                        ('World');
                        
INSERT INTO competition(`name`, `year`, region, `level`) VALUES
						('LEC', 2025, 'Europe', 'Tier 1'),
                        ('LEC', 2024, 'Europe', 'Tier 1'),
                        ('LEC', 2023, 'Europe', 'Tier 1'),
                        ('LCK', 2025, 'Corée du sud', 'Tier 1'),
						('LCK', 2024, 'Corée du sud', 'Tier 1'),
                        ('LCK', 2023, 'Corée du sud', 'Tier 1'),
                        ('LFL', 2025, 'France', 'Tier 3'),
                        ('World Championship', 2024, 'World','International tournaments'),
                        ('World Championship', 2023, 'World','International tournaments');
                
INSERT INTO club(`name`, CEO, nationality) VALUES
						('G2 Esports', 'Jens Hilgers', 'Allemande'),
						('Fnatic', 'Sam Mathews', 'Britannique'),
						('Team Vitality', 'Nicolas Maurer', 'Française'),
						('Karmine Corp', 'Arthur Perticoz', 'Française'),
						('GiantX', 'José Ramón Díaz', 'Espagnole'),
						('Team BDS', 'Patrice Bailo de Spoelberch', 'Suisse'),
						('Team Heretics', 'Alejandro Fernández', 'Espagnole'),
                        ('SK Gaming', 'Alexander Müller','Allemande'),
                        ('Rogue', 'Steve Aoki, Vikram Singh Barn', 'Américaine'),
                        ('KOI', 'Ibai Llanos, Gerard Piqué', 'Espagnole'),
                        ('Gen.G', 'Arnold Hur', 'Coréenne'),
						('T1', 'Joe Marsh', 'Coréenne'),
						('Hanwha Life Esports', 'Kim Hee-cheul', 'Coréenne'),
						('Dplus KIA', 'Lee "NO1" Yu-yeon', 'Coréenne'),
						('KT Rolster', 'Jonathan Kyaw Thaung', 'Coréenne'),
						('DN Freecs', 'Forrest Li', 'Coréenne'),
						('FearX', 'Lim "Daniel" Jeong-hyun', 'Coréenne'),
						('Nongshim RedForce', 'Oh "Evans" Ji-hwan', 'Coréenne'),
						('DRX', 'CAN Yang', 'Coréenne'),
						('BRION', 'Shin Mi-kyung', 'Coréenne'),
						('Gentle Mates', 'Squeezie, Gotaga, Brawks', 'Française'),
						('Ici Japon Corp. Esport', 'Dach, MisterMV, Shaunz', 'Française'),
						('BK ROG Esports', 'Nicolas choite', 'Française'),
						('GameWard', 'David LANIEL', 'Française'),
						('Solary', 'Lutti, Chap, Wakz, Tio', 'Française'),
						('Galions', 'Guillaume Merlini', 'Française'),
						('Joblife', 'Tomy', 'Française'),
                        ('Bilibili Gaming', 'Chen Rui', 'Chinoise'),
                        ('Weibo Gaming', 'Charles Chao', 'Chinoise'),
                        ('FlyQuest','Brian Anderson','Américaine'),
                        ('LNG Esports', 'Shuang Quan', 'Chinoise'),
                        ('Top Esports', 'Guo Hao', 'Chinoise');

INSERT INTO team(`name`, club, region, founding_date, has_been_world_champion, `description`, nb_followers) VALUES
						('G2 Esports', 'G2 Esports', 'Europe', '2014-02-24', FALSE, 'Organisation européenne majeure, finaliste des Worlds 2019 et multiple championne LEC.', 1586396),
						('Fnatic', 'Fnatic', 'Europe', '2011-03-14', TRUE, 'Organisation britannique historique, première championne du monde en 2011.', 1725264),
						('Team Vitality', 'Team Vitality', 'Europe', '2015-12-09', FALSE, 'Organisation française active dans de nombreux jeux, présente en LEC depuis 2016.', 767246),
						('Karmine Corp', 'Karmine Corp', 'Europe', '2024-01-13', FALSE, 'Organisation française célèbre pour ses victoires en European Masters, entrée en LEC en 2024.', 545816),
						('Team BDS', 'Team BDS', 'Europe', '2022-01-14', FALSE, 'Organisation suisse présente en LEC depuis 2022.', NULL),
						('Team Heretics', 'Team Heretics', 'Europe', '2023-02-21', FALSE, 'Organisation espagnole ayant acquis le slot LEC de Misfits en 2022.', NULL),
						('Movistar KOI', 'KOI', 'Europe', '2023-02-21', FALSE, 'Organisation espagnole fondée par Ibai Llanos et Gerard Piqué, issue de la fusion avec Rogue.', NULL),
						('SK Gaming', 'SK Gaming', 'Europe', '2010-09-16', FALSE, 'Organisation allemande historique, présente en LEC depuis 2019.', NULL),
						('GiantX', 'GiantX', 'Europe', '2024-01-13', FALSE, NULL, 405320),
                        ('Rogue', 'Rogue', 'Europe', '2018-11-20', FALSE, NULL, NULL),
						('T1', 'T1', 'Corée du Sud', '2012-02-25', TRUE, 'Organisation emblématique de l\'esport coréen, quintuple championne du monde (2013, 2015, 2016, 2023, 2024) avec le légendaire joueur Faker.', 1115836),
						('Gen.G', 'Gen.G', 'Corée du Sud', '2017-11-30', TRUE, 'Anciennement Samsung Galaxy, championne du monde en 2017, multiple championne de la LCK, vainqueur du MSI 2024.', NULL),
						('Dplus KIA', 'Dplus KIA', 'Corée du Sud', '2020-09-01', TRUE, 'Organisation coréenne, championne du monde en 2020 sous le nom de Damwon Gaming.', NULL),
						('DRX', 'DRX', 'Corée du Sud', '2012-01-01', TRUE, 'Organisation coréenne, championne du monde en 2022 après une performance remarquable en tant que quatrième tête de série.', NULL),
						('Hanwha Life Esports', 'Hanwha Life Esports', 'Corée du Sud', '2018-04-16', FALSE, 'Organisation coréenne, finaliste des Worlds 2015 sous le nom de KOO Tigers, championne de la LCK en été 2024.', NULL),
						('KT Rolster', 'KT Rolster', 'Corée du Sud', '2012-01-01', FALSE, 'Organisation historique coréenne, championne de la LCK en été 2018.', NULL),
						('DN Freecs', 'DN Freecs', 'Corée du Sud', '2016-01-01', FALSE, 'Organisation coréenne anciennement connue sous le nom d\'Afreeca Freecs.', NULL),
						('Nongshim RedForce', 'Nongshim RedForce', 'Corée du Sud', '2020-12-17', FALSE, 'Organisation coréenne participant à la LCK depuis 2021.', NULL),
						('BNK FearX', 'FearX', 'Corée du Sud', '2020-12-17', FALSE, 'Nouvelle organisation coréenne participant à la LCK depuis 2024.', NULL),
						('OKSavingsBank BRION', 'BRION', 'Corée du Sud', '2021-01-01', FALSE, 'Organisation coréenne également connue sous le nom de Fredit BRION.', NULL),
						('Solary', 'Solary', 'France', '2017-09-01', FALSE, 'Organisation française basée à Tours, active en LFL depuis 2019 avec une forte présence communautaire.', NULL),
						('Gentle Mates', 'Gentle Mates', 'France', '2023-12-01', FALSE, 'Organisation fondée par Squeezie, Gotaga et Brawks, entrée en LFL en 2024 après avoir repris le slot de LDLC OL.', NULL),
						('GameWard', 'GameWard', 'France', '2018-01-01', FALSE, 'Organisation française basée à Boulogne-Billancourt, présente en LFL depuis 2020.', NULL),
						('Joblife', 'Joblife', 'France', '2021-11-30', FALSE, 'Organisation fondée par le streamer JL Tomy, intégrée à la LFL en 2025 après avoir pris la place de Team du Sud.', NULL),
						('Ici Japon Corp', 'Ici Japon Corp. Esport', 'France', '2023-01-01', FALSE, 'Organisation fondée par le vidéaste Ici Japon, promue en LFL en 2025 après avoir remporté le tournoi de promotion.', NULL),
						('Galions', 'Galions', 'France', '2024-12-01', FALSE, 'Résultat de la fusion entre Team GO et Sixen, participant à la LFL depuis 2025.', NULL),
						('BK ROG Esports', 'BK ROG Esports', 'France', '2023-01-01', FALSE, 'Organisation française présente en LFL depuis 2023.', NULL),
                        ('Karmine Corp Blue', 'Karmine Corp', 'France', '2024-01-03', FALSE, 'Équipe de formation de la KC', NULL),
						('Team BDS Academy', 'Team BDS', 'France', '2021-02-05', FALSE, 'Équipe de formation de BDS', NULL),
                        ('Bilibili Gaming', 'Bilibili Gaming', 'Chine', '2017-12-17', FALSE, NULL, NULL);
                        

INSERT INTO `match`(team_blue, team_red, competition_name, competition_year, occurrence_date, is_blue_win, replay_link, summary) VALUES
						-- LEC
						('Karmine Corp', 'Rogue', 'LEC', 2025, '2025-05-03', TRUE, 'https://youtu.be/WmLg-d_DaiU?si=cZxZzHMIOut5FR4H', NULL),
						('Team Heretics', 'Fnatic', 'LEC', 2025,'2025-05-05', FALSE, 'https://youtu.be/LztVPq24CJs?si=uaD3nw-qvQh_KuSX', NULL),
                        ('G2 Esports', 'Team Vitality', 'LEC', 2025,'2025-05-04', TRUE, NULL, NULL),

						-- LCK
						('Dplus KIA', 'Gen.G', 'LEC', 2025,'2025-04-13', FALSE, 'https://youtu.be/WFPwCwQg0GM?si=SCh4iF_62K252p13', NULL),
                        ('DRX', 'Hanwha Life Esports', 'LEC', 2025,'2025-04-17', FALSE, 'https://youtu.be/_EgGe4vCbNg?si=zbByNmZxaATTzNSL', NULL),
                        ('T1', 'DN Freecs', 'LEC',2025,'2025-05-02', TRUE, 'https://youtu.be/jaL5Wl_9-NE?si=mi4JjVy3Lx0rx3Cb', NULL),

						-- LFL
                        ('Ici Japon Corp', 'Gentle Mates', 'LFL', 2025, '2025-05-07', FALSE, 'https://youtu.be/d7EU0elrH80?si=55M7NSXq2az3ARif', NULL),
						('Karmine Corp Blue', 'BK ROG Esports', 'LFL', 2025, '2025-04-24', FALSE, NULL, NULL),
                        ('Solary', 'Team BDS Academy', 'LFL', 2025,'2025-05-14', FALSE, NULL, NULL),
                        
                        -- World
                        ('Bilibili Gaming', 'Movistar KOI', 'World Championship', 2024, '2024-10-03',TRUE, NULL, NULL),
                        ('T1', 'Gen.G', 'World Championship', 2024, '2024-10-27', TRUE, 'https://youtu.be/TYRj5lSUVw0?si=2xGkIruTdKCYgiFB', 'Demi-final'),
                        ('Bilibili Gaming', 'T1', 'World Championship', 2024, '2024-11-02', FALSE, 'https://youtu.be/1t9OST-EbpA?si=yyyaK6pcYMlKenVc', 'Finale des championnats du monde ');
                        
INSERT INTO bans(champion, team, id_match) VALUES
						('Jax', 'T1', 12),
                        ('Kai\'Sa', 'T1', 12),
                        ('Kalista', 'T1', 12),
                        ('Rakan', 'T1', 12),
                        ('Renata Glasc', 'T1', 12),
                        ('Varus', 'Bilibili Gaming', 12),
                        ('Ziggs', 'Bilibili Gaming', 12),
                        ('Jhin', 'Bilibili Gaming', 12),
                        ('Vi', 'Bilibili Gaming', 12),
                        ('Aurora', 'Bilibili Gaming', 12),
                        
                        ('Jax', 'T1', 11),
                        ('Blitzcrank', 'T1', 11),
                        ('Nidalee', 'T1', 11),
                        ('Ezreal', 'T1', 11),
                        ('Smolder', 'T1', 11),
                        ('Rumble', 'Gen.G', 11),
                        ('Sejuani', 'Gen.G', 11),
                        ('Kalista', 'Gen.G', 11),
                        ('Xayah', 'Gen.G', 11),
                        ('Aurora', 'Gen.G', 11),
                        
                        ('Ashe', 'Bilibili Gaming', 10),
                        ('Nidalee', 'Bilibili Gaming', 10),
                        ('Poppy', 'Bilibili Gaming', 10),
                        ('Jinx', 'Bilibili Gaming', 10),
                        ('Renata Glasc', 'Bilibili Gaming', 10),
                        ('Ezreal', 'Movistar KOI', 10),
                        ('Ziggs', 'Movistar KOI', 10),
                        ('Jhin', 'Movistar KOI', 10),
                        ('Lucian', 'Movistar KOI', 10),
                        ('Aurora', 'Movistar KOI', 10);
                        
INSERT INTO player(first_name, last_name, pseudo, birthdate, nationality) VALUES
						-- G2 Esports
						('Sergen', 'Çelik', 'BrokenBlade', '2000-01-19', 'Allemand'),
						('Rudy', 'Semaan', 'SkewMond', '2009-08-09', 'Français'),
						('Rasmus', 'Winther', 'Caps', '1999-11-17', 'Danois'),
						('Steven', 'Liv', 'Hans Sama', '1999-09-02', 'Français'),
						('Labros', 'Papoutsakis', 'Labrov', '2002-02-12', 'Grecque'),

						-- Fnatic
						('Óscar', 'Muñoz Jiménez', 'Oscarinin', '2003-06-11', 'Espagnol'),
						('Iván', 'Martín Díaz', 'Razork', '2000-10-07', 'Espagnol'),
						('Marek', 'Brázda', 'Humanoid', '2000-03-14', 'Tchèque'),
						('Elias', 'Lipp', 'Upset', '1999-12-16', 'Allemand'),
						('Mihael', 'Mehle', 'Mikyx', '1998-11-02', 'Slovène'),

						-- Team Vitality
						('Kaan', 'Okan', 'Naak Nako', '2005-03-24', 'Turc'),
						('Linas', 'Nauncikas', 'Lyncas', '2003-12-10', 'Lituanien'),
						('Mateusz', 'Czajka', 'Czajek', '2003-09-24', 'Polonais'),
						('Matyáš', 'Orság', 'Carzzy', '2002-01-31', 'Tchèque'),
                        ('Yasin', 'Dinçer', 'Nisqy', '1998-07-28', 'Belge'),

						-- Karmine Corp
						('Kim', 'Chang-dong', 'Canna', '2000-02-11', 'Coréen du sud'),
						('Martin', 'Sundelin', 'Yike', '2000-11-11', 'Suédois'),
						('Vladimiros', 'Kourtidis', 'Vladi', '2005-08-12', 'Grecque'),
						('Caliste', 'Henry-Hennebert', 'Caliste', '2006-08-28', 'Français'),
						('Raphaël', 'Crabbé', 'Targamas', '2000-06-30', 'Belge'),

						-- Team BDS
						('Joel', 'Miro Scharoll', 'Irrelevant', '2001-10-22', 'Allemand'),
						('Doğukan', 'Balcı', '113', '2004-08-12', 'Turc'),
						('Ilias', 'Bizriken', 'nuc', '2002-10-02', 'Français'),
						('Yoon', 'Sang-hoon', 'Ice', '2001-04-09', 'Coréen du sud'),
						('Polat', 'Furkan Çiçek', 'Parus', '2003-02-22', 'Turc'),

						-- Team Heretics
						('Carl Ulsted', 'Carlsen', 'Carlsen', '2005-12-15', 'Danois'),
						('Théo', 'Borile', 'Sheo', '2001-07-05', 'Français'),
						('Kamil', 'Haudegond', 'Kamiloo', '2005-07-20', 'Français'),
						('Victor', 'Lirola', 'Flakked', '2001-04-25', 'Espagnol'),
						('Paul', 'Lardin', 'Stend', '2001-07-13', 'Français'),

						-- Movistar KOI
						('Alex', 'Villarejo', 'Myrwn', '2003-06-13', 'Espagnol'),
						('Javier', 'Prades Batalla', 'Elyoya', '2000-03-13', 'Espagnol'),
						('Joseph Joon', 'Pyun', 'Jojopyun', '2004-10-01', 'Canadien'),
						('David', 'Martínez García', 'Supa', '2000-10-23', 'Espagnol'),
						('Álvaro', 'Fernández del Amo', 'Alvaro', '2003-07-15', 'Espagnol'),

						-- SK Gaming
						('Janik', 'Bartels', 'JNX', '1998-12-10', 'Allemand'),
						('Mehdi', 'Lahlou', 'Boukada', '2002-10-01', 'Français'),
						('Steven', 'Chen', 'Reeker', '2001-05-15', 'Allemand'),
						('Cho', 'Min-seong', 'Rahel', '2004-02-13', 'Coréen du sud'),
						('Kim', 'Dong-hyeon', 'Loopy', '2004-06-09', 'Coréen du sud'),

						-- GiantX
						('Eren', 'Yıldız', 'Lot', '2004-01-02', 'Turc'),
						('Ismaïl', 'Boualem', 'Isma', '2001-06-20', 'Français'),
						('Adam', 'Jeřábek', 'Jackies', '2004-10-06', 'Tchèque'),
						('Oh', 'Hyeon-taek', 'Noah', '2001-10-04', 'Coréen du sud'),
						('Yoon', 'Se-jun', 'Jun', '2000-08-02', 'Coréen du sud'),

						-- Rogue
						('Adam', 'Maanane', 'Adam', '2001-12-30', 'Français'),
						('Kim', 'Geun-seong', 'Malrang', '2000-02-09', 'Coréen du sud'),
						('Emil', 'Larsson', 'Larssen', '2000-03-30', 'Suédois'),
						('Patrik', 'Jírů', 'Patrik', '2000-04-07', 'Tchèque'),
						('Lee', 'Jeong-hoon', 'Execute', '2000-02-22', 'Coréen du sud'),

						-- T1
						('Choi', 'Hyeon-joon', 'Doran', '2000-07-22', 'Coréen du sud'),
						('Moon', 'Hyeon-joon', 'Oner', '2002-12-24', 'Coréen du sud'),
						('Lee', 'Sang-hyeok', 'Faker', '1996-05-07', 'Coréen du sud'),
						('Lee', 'Min-hyeong', 'Gumayusi', '2002-02-06', 'Coréen du sud'),
						('Ryu', 'Min-seok', 'Keria', '2002-10-14', 'Coréen du sud'),

						-- Gen.G
						('Kim', 'Ki-in', 'Kiin', '1999-05-28', 'Coréen du sud'),
						('Kim', 'Geon-bu', 'Canyon', '2001-06-18', 'Coréen du sud'),
						('Jeong', 'Ji-hoon', 'Chovy', '2001-03-03', 'Coréen du sud'),
						('Park', 'Jae-hyuk', 'Ruler', '1998-12-29', 'Coréen du sud'),
						('Joo', 'Min-kyu', 'Duro', '2002-02-04', 'Coréen du sud'),

						-- Dplus KIA
						('Kim', 'Si-woo', 'Siwoo', '2007-11-24', 'Coréen du sud'),
						('Lee', 'Ye-chan', 'Lucid', '2005-01-28', 'Coréen du sud'),
						('Heo', 'Su', 'ShowMaker', '2000-07-22', 'Coréen du sud'),
						('Kim', 'Ha-ram', 'Aiming', '2000-07-20', 'Coréen du sud'),
						('Cho', 'Geon-hee', 'BeryL', '1997-04-01', 'Coréen du sud'),

						-- DRX
						('Lee', 'Jae-won', 'Rich', '1998-02-16', 'Coréen du sud'),
						('Bae', 'Young-jun', 'Sponge', '2004-07-25', 'Coréen du sud'),
						('Son', 'Woo-hyeon', 'Ucal', '2001-01-30', 'Coréen du sud'),
						('Park', 'Jin-seong', 'Teddy', '1998-03-15', 'Coréen du sud'),
						('Moon', 'Gwan-bin', 'Andil', '2002-10-05', 'Coréen du sud'),

						-- Hanwha Life Esports
						('Choi', 'Woo-je', 'Zeus', '2004-01-31', 'Coréen du sud'),
						('Han', 'Wang-ho', 'Peanut', '1998-02-03', 'Coréen du sud'),
						('Kim', 'Geon-woo', 'Zeka', '2002-11-28', 'Coréen du sud'),
						('Park', 'Do-hyeon', 'Viper', '2000-10-19', 'Coréen du sud'),
						('Yoo', 'Hwan-joong', 'Delight', '2002-09-12', 'Coréen du sud'),

						-- KT Rolster
						('Kim', 'Sung-jin', 'PerfecT', '2004-05-17', 'Coréen du sud'),
						('Mun', 'U-chan', 'Cuzz', '1999-10-30', 'Coréen du sud'),
						('Gwak', 'Bo-seong', 'Bdd', '1999-03-01', 'Coréen du sud'),
						('Seo', 'Jae-hyeon', 'Deokdam', '2000-02-25', 'Coréen du sud'),
						('Jeong', 'Yoon-su', 'Peter', '2003-04-28', 'Coréen du sud'),

						-- DN Freecs
						('Lee', 'Do-yeon', 'DuDu', '2001-03-08', 'Coréen du sud'),
						('Hong', 'Chang-hyeon', 'Pyosik', '2000-03-12', 'Coréen du sud'),
						('Lee', 'Tae-joon', 'BuLLDoG', '2005-04-15', 'Coréen du sud'),
						('Kim', 'Min-cheol', 'Berserker', '2003-05-25', 'Coréen du sud'),
						('Kim', 'Jeong-min', 'Life', '2000-07-07', 'Coréen du sud'),

						-- Nongshim RedForce
						('Hwang', 'Seong-hoon', 'Kingen', '2000-03-11', 'Coréen du sud'),
						('Kim', 'Min-seong', 'GIDEON', '2003-08-14', 'Coréen du sud'),
						('Lee', 'Jeong-tae', 'Fisher', '2004-07-05', 'Coréen du sud'),
						('Jung', 'Ji-woo', 'Jiwoo', '2004-03-20', 'Coréen du sud'),
						('Son', 'Si-woo', 'Lehends', '1998-12-24', 'Coréen du sud'),

						-- BNK FearX
						('Kim', 'Dong-hyeon', 'Clear', '2002-12-19', 'Coréen du sud'),
						('Lee', 'Jae-mo', 'Raptor', '2004-11-15', 'Coréen du sud'),
						('Lee', 'Dae-kwang', 'VicLa', '2003-11-27', 'Coréen du sud'),
						('Kim', 'Jin-woo', 'Diable', '2007-10-17', 'Coréen du sud'),
						('Kim', 'Hyeong-gyu', 'Kellin', '2001-02-01', 'Coréen du sud'),

						-- OKSavingsBank BRION
						('Park', 'Sung-jin', 'Morgan', '2001-09-26', 'Coréen du sud'),
						('Kim', 'Jung-hyun', 'HamBak', '2002-08-28', 'Coréen du sud'),
						('Lee', 'Ju-hyeon', 'Clozer', '2003-07-27', 'Coréen du sud'),
						('Song', 'Seon-gyu', 'Bull', '2003-05-16', 'Coréen du sud'),
						('Lee', 'Jae-hyuk', 'Pollu', '2006-01-07', 'Coréen du sud'),
                        
                       
						-- Solary
						('Felix', 'Hellström', 'Kryze', '1999-07-01', 'Suédois'),
						('Mark', 'van Woensel', 'Markoon', '2002-06-28', 'Néerlandais'),
						('Nicolas', 'Gawron', 'Decay', '1999-12-21', 'Français'),
						('Belan', 'Ahour', 'TakeSet', '2002-06-26', 'Danois'),
						('Mertai', 'Sari', 'Mersa', '2002-08-22', 'Grecque'),

						-- Gentle Mates
						('Panagiotis', 'Tantis', 'Empyros', '2004-04-01', 'Grecque'),
						('Lanzo', 'Ciajolo', 'Zicssi', '2002-05-16', 'Français'),
						('Jérémy', 'Valdenaire', 'Eika', '1996-07-19', 'Français'),
						('Markos', 'Stamkopoulos', 'Comp', '2001-12-20', 'Grecque'),
						('Robert', 'Nowak', 'Erdote', '1999-07-19', 'Polonais'),

						-- GameWard
						('Kim', 'Dong-min', 'Zest', '2003-11-05', 'Coréen du sud'),
						('Valentin', 'Garnier', 'Stormax', '2001-04-19', 'Français'),
						('Jonathan', 'Bäcklund', 'Backlund', '1999-11-22', 'Suédois'),
						('Matias', 'Manchin-Opheltes', 'Matiaslaclasse', '2000-09-22', 'Français'),
						('Théo', 'Magania', 'HONOR', '1999-11-21', 'Français'),

						-- Joblife
						('Mustafa', 'Korkmaz', 'RAMES', '2004-01-05', 'Turc'),
						('Leny', 'Albertini', 'Leny', '2002-12-09', 'Français'),
						('Dimitri', 'Ponomarev', 'Diplex', '2003-07-15', 'Allemand'),
						('Matthew Luke', 'Smith', 'Deadly', '1999-08-28', 'Anglais'),
						('Elton Richie', 'Garcia Spetsig', 'Twiizt', '2000-11-02', 'Suédois'),

						-- Ici Japon Corp
						('Jeon', 'Ho-bin', 'Howling', '2003-09-17', 'Coréen du sud'),
						('Theo', 'Sauda', 'Theocacs', '2007-04-29', 'Français'),
						('Daniel', 'Gamani', 'Sertuss', '2001-12-23', 'Allemand'),
						('Lee', 'Jae-hoon', 'Hans SamD', '2001-03-14', 'Coréen du sud'),
						('Olivier', 'Payet', 'Prime', '2000-02-24', 'Français'),

						-- Galions
						('Onurcan', 'Aslan', 'Ragner', '2000-12-19', 'Turc'),
						('Andrei', 'Dragomir', 'Xerxe', '1999-11-05', 'Roumain'),
						('Tolga', 'Ölmez', 'Serin', '2002-04-10', 'Turc'),
						('Jean', 'Massol', 'Jezu', '2000-07-27', 'Français'),
						('Théo', 'Le Scornec', 'Zoelys', '2003-05-16', 'Français'),

						-- BK ROG Esports
						('Mathias', 'Jensen', 'Szygenda', '2001-04-14', 'Danois'),
						('Enes', 'Uçan', 'Rhilech', '2005-10-15', 'Turc'),
						('Šimon', 'Řiháček', 'OMON', '2003-07-02', 'Tchèque'),
						('Tim', 'Willers', 'Keduii', '2000-10-13', 'Allemand'),
						('Mads', 'Schwartz', 'Doss', '1999-03-19', 'Danois'),

						-- Karmine Corp Blue
						('Volodymyr', 'Sorokin', 'Maynter', '2000-12-15', 'Ukrainien'),
						('Mehdi', 'Lahlou', 'Boukada', '2002-10-01', 'Français'),
						('Seo', 'Ye-bit', 'SlowQ', '2004-03-20', 'Coréen du sud'),
						('Thomas', 'Foucou', '3XA', '2003-09-28', 'Français'),
						('Kim', 'Jung-hun', 'Piero', '2002-07-15', 'Coréen du sud'),

						-- Team BDS Academy
						('Alexandre', 'El Hodebey', 'Hiro', '2002-06-23', 'Français'),
						('Lucjan', 'Ahmad', 'Shlatan', '2001-07-23', 'Polonais'),
						('Tautvydas', 'Gegeckas', 'Toffe', '2005-05-02', 'Lituanien'),
						('Kamil', 'Staroń', 'Piwek', '2001-04-06', 'Polonais'),
						('Mohamed', 'Rahli', 'Myrtus', '2005-10-11', 'Français'),
                        
                        -- Bilibili Gaming
                        ('Chen', 'Zebin', 'Bin', '2003-09-28', 'Chinois'),
                        ('Yang', 'Ling', 'Beichuan', '2001-07-21', 'Chinois'),
                        ('Zhuo', 'Ding', 'knight', '2000-05-22', 'Chinois'),
                        ('Zhao', 'Jiahao', 'Elk', '2001-09-29', 'Chinois'),
                        ('Luo', 'Wenjun', 'ON', '2003-05-12', 'Chinois'),
                        ('Peng', 'Lixun', 'XUN', '2002-02-05', 'Chinois'),
                        
                        ('Kim', 'Su-hwan', 'Peyz', '2005-12-05', 'Coréen du sud'),
                        ('Yan', 'Yangwei', 'Wei', '2002-11-09', 'Chinois'),
                        ('Bartłomiej', 'Przewoźnik', 'Fresskowy', '1999-11-26', 'Polonais'), 
                        ('Adrian', 'Trybus', 'Trymbi', '2000-10-20', 'Polonais'),
                        ('Henk', 'Reijenga', 'Advienne', '1997-05-11', 'Néerlandais'),
                        ('Martin', 'Larsson', 'Rekkles', '1996-09-20', 'Suédois'),
                        ('Rúben' ,'Barbosa', 'rhuckz', '1996-08-28', 'Portugais'),
                        ('Martin', 'Nordahl Hansen', 'Wunder', '1998-11-09', 'Danois'),
						('Zdravets', 'Galabov', 'Hylissang', '1995-04-30', 'Bulgare'),
                        ('Vincent', 'Berrié', 'Vetheo', '2002-07-26', 'Français'),
                        ('Kyeong', 'Gyu-tae', 'Photon', '2001-11-30', 'Coréen du sud'),
                        ('Kacper', 'Dagiel', 'Daglas', '2005-10-23', 'Polonais'),
                        ('Zhou', 'Yangbo', 'Bo', '2002-04-22', 'Chinois'),
                        ('Luka', 'Perković', 'Perkz', '1998-09-30', 'Croate'),
                        ('Norman', 'Kaiser', 'Kaiser', '1998-11-19', 'Allemand'),
                        ('Matúš', 'Jakubčík', 'Neon', '1999-04-24', 'Slovaque'),
                        ('Juš', 'Marušič', 'Crownie', '1998-04-17', 'Slovène'),
                        ('Marcin', 'Jankowski', 'Jankos', '1995-07-23', 'Polonais'),
                        ('Artur', 'Szymon Trojan', 'Zwyroo', '1998-11-06', 'Polonais'),
                        ('Shunsuke', 'Murase', 'Evi', '1995-11-15', 'Japonais'),
                        ('Lee', 'Sol-min', 'Ruby', '1998-08-11', 'Coréen du sud'),
                        ('Jakob', 'Gullvåg Kepple', 'Jackspektra', '2000-12-05', 'Norvégien'),
                        ('Pedro José',  'Serrano', 'Marky', '2002-09-23', 'Espagnol'),
                        ('Magnus', 'Kristensen', 'Maxi', '2000-06-24', 'Danois'),
                        ('Adam', 'Grepl', 'Random', '2001-12-30', 'Tchèque'),
                        ('Đorđe', 'Stišović', 'Shy Carry', '2004-04-21', 'Serbe'),
                        ('Will Antony', 'Jones', 'NoName', '2003-07-15', 'Anglais'),
                        ('Igor', 'Tomczyk', 'marlon', '2004-01-14', 'Polonais'),
                        ('Can', 'Çelik', 'Closer', '1998-09-29', 'Turc'),
						('Lee', 'Hyun-ho', 'Luon', '2003-01-27', 'Coréen du sud'),
                        ('Antonio', 'Espinosa', 'Th3Antonio', '1999-04-12', 'Espagnol'),
                        ('Lee', 'Ju-han', 'Juhan', '2001-08-31', 'Coréen du sud'),
                        ('Lee', 'Dong-geun', 'IgNar', '1996-11-20', 'Coréen du sud'),
                        ('Andrei', 'Pascu', 'Odoamne', '1995-01-18', 'Roumain'),
                        ('Lee', 'Min-gyu', 'Peach', '2000-03-28', 'Coréen du sud'), 
                        ('Kim', 'Hyuk-kyu', 'Deft', '1996-10-23', 'Coréen du sud'),
                        ('Jo', 'Seung-hoon', 'Grizzly', '2005-05-25', 'Coréen du sud'),
                        ('Kim', 'Tae-min', 'Clid', '1999-07-06', 'Coréen du sud'), 
                        ('Han', 'Gil', 'Way', '2002-06-29', 'Coréen du sud'), 
                        ('Choi', 'Gi-myeong', 'Leaper', '2000-05-18', 'Coréen du sud'),
                        ('Ko', 'Young-jae',  'Youngjae', '2002-11-16', 'Coréen du sud'),
                        ('Lee', 'Seung-bok', 'Sylvie', '2002-12-04', 'Coréen du sud'),
						('Park', 'Geun-woo', 'DnDn', '2003-05-18', 'Coréen du sud'),
						('An', 'Hyeon-seo', 'FIESTA', '2003-05-04', 'Coréen du sud'),
                        ('Ha', 'In-seong', 'Vital', '2002-09-16', 'Coréen du sud'),
                        ('Park', 'Jeung-hwan', 'Hena', '1999-10-08', 'Coréen du sud'),
                        ('Kim', 'Jeong-hyeon', 'Willer', '2003-04-24', 'Coréen du sud'),
                        ('Noh', 'Tae-yoon', 'Burdol', '2003-12-25', 'Coréen du sud'),
                        ('Kim', 'Jin-hong', 'Kael', '2004-02-11', 'Coréen du sud'), 
                        ('Lee', 'Myeong-joon', 'Envyy', '2000-04-07', 'Coréen du sud'),
                        ('Jeong', 'Ji-hoon', 'Pullbae', '2004-08-28', 'Coréen du sud'),
                        ('Yu', 'Su-hyeok', 'FATE', '2000-08-22', 'Coréen du sud');

                        
INSERT INTO participation(id_player, id_match, `role`, champion, kills, assists, death, creep_score, damage, wards_score, golds_earn, damage_received) VALUES
						-- World final
                        (146, 12, 'Top', 'Jax', 0, 5, 2, 281, 10771, 6, 11600, 21000),
                        (151, 12, 'Jungle', 'Jarvan IV', 2, 4, 2, 181, 8249, 9, 10000, 24497),
                        (148, 12, 'Middle', 'Ahri', 3, 1, 1, 310, 11759, 1, 13200, 9778),
                        (149, 12, 'ADC', 'Kai\'Sa', 1, 2, 2, 321, 16088, 2, 13400, 11703),
                        (150, 12, 'Support', 'Rell', 0, 5, 5, 42, 2502, 20, 7000, 13317),
						
                        (71, 12, 'Top', 'Gragas', 0, 8, 1, 282, 14559, 10, 12900, 17720),
                        (52, 12, 'Jungle', 'Xin Zhao', 5, 4, 1, 214, 9637, 6, 12300, 31708),
                        (53, 12, 'Middle', 'Galio', 4, 6, 1, 311, 12539, 5, 14400, 18550),
                        (54, 12, 'ADC', 'Xayah', 3, 3, 1, 374, 14359, 6, 15300, 10453),
                        (55, 12, 'Support', 'Poppy', 0, 3, 2, 35, 3399, 23, 7600, 11753),
                        
                        -- World demi-final
                        (56, 11, 'Top', 'Poppy', 0, 8, 2, 277, 16989, 6, 12000, 24323),
                        (57, 11, 'Jungle', 'Nidalee', 4, 4, 3, 244, 21152, 13, 13400, 34244),
                        (58, 11, 'Middle', 'Tristana', 2, 5, 1, 316, 14603, 9, 14000, 19133), 
                        (151, 11, 'ADC', 'Ashe', 3, 5, 1, 299, 17310, 4, 13700, 14508),
                        (90, 11, 'Support', 'Maokai', 0, 7, 8, 21, 7936, 22, 7200, 23198),
                        
                        (71, 11, 'Top', 'Jax', 2, 6, 2, 321, 14076, 7, 13800, 29069),
                        (52, 11, 'Jungle', 'Skarner', 4, 6, 1, 228, 8241, 10, 12300, 36596),
                        (53, 11, 'Middle', 'Ahri', 3, 5, 3, 307, 17549, 2, 14500, 18231),
                        (54, 11, 'ADC', 'Varus', 6, 6, 1, 321, 35060, 4, 16000, 13908),
                        (55, 11, 'Support', 'Pyke', 0, 10, 2, 42, 6148, 24, 8300, 12578), 
                        
                        -- Bilibili Gaming VS Movistar KOI
						(146, 10, 'Top', 'Gnar', 3, 3, 1, 219, 15458, 3, 11500, 12079),
                        (152, 10, 'Jungle', 'Vi', 2, 16, 2, 152, 14695, 12, 10300, 25413),
                        (148, 10, 'Middle', 'Ahri', 9, 9, 1, 218, 21076, 3, 12700, 11270),
                        (149, 10, 'ADC', 'Kai\'Sa', 7, 9, 2, 257, 25068, 3, 14600, 12863),
                        (150, 10, 'Support', 'Rell', 0, 17, 4, 28, 4578, 11, 7300, 10700),
                        
                        (31, 10, 'Top', 'K\'Sante', 3, 4, 3, 171, 5388, 2, 8600, 22004),
                        (32, 10, 'Jungle', 'Skarner', 1, 6, 2, 153, 8908, 7, 8000, 24112),
                        (153, 10, 'Middle', 'Syndra', 3, 2, 7, 207, 11866, 6, 9400, 16186), 
                        (34, 10, 'ADC', 'Tristana', 3, 3, 3, 231, 12438, 3, 10600, 15047), 
                        (35, 10, 'Support', 'Alistar', 0, 5, 6, 29, 3152, 15, 5600, 18219);
                        
INSERT INTO team_history(id_player_one, id_player_two, id_player_three, id_player_four, id_player_five, team, beginning_date, ending_date) VALUES
						(1, 2, 3, 4, 5, 'G2 Esports', '2024-12-11', CURDATE()),
                        (1, 17, 3, 4, 10, 'G2 Esports', '2022-12-22', '2024-12-03'),
                        
                        (6, 7, 8, 9, 10, 'Fnatic', '2024-12-20', CURDATE()),
                        (6, 7, 8, 44, 45, 'Fnatic', '2023-12-02', '2024-11-22'),
                        (6, 7, 8, 44, 155, 'Fnatic', '2023-06-10', '2023-11-15'),
                        (6, 7, 8, 156, 157, 'Fnatic', '2023-03-02', '2023-06-06'),
                        (159, 7, 8, 158, 157, 'Fnatic', '2022-12-15', '2023-03-02'),
                        
                        (11, 12, 13, 14, 15, 'Team Vitality', '2023-03-05', CURDATE()),
                        (11, 12, 13, 14, 160, 'Team Vitality', '2024-12-13','2025-03-05'),
                        (162, 12, 161, 14, 160, 'Team Vitality', '2024-05-13', '2024-12-13'),
                        (162, 163, 161, 14, 160, 'Team Vitality', '2023-12-19', '2024-05-13'),
                        (162, 164, 165, 9, 166, 'Team Vitality', '2023-03-02', '2023-11-24'),
                        (162, 164, 165, 167, 166, 'Team Vitality', '2022-12-23', '2023-03-02'),
                        
                        (16, 17, 18, 19, 20, 'Karmine Corp', '2023-01-01', CURDATE()),
                        
                        (21, 22, 23, 24, 25, 'Team BDS', '2024-12-23', CURDATE()),
                        (46, 27, 23, 24, 5, 'Team BDS', '2023-12-22', '2024-12-01'),
                        (46, 27, 23, 168, 5, 'Team BDS', '2022-12-20', '2023-12-22'),
                        
                        (26, 27, 28, 29, 30, 'Team Heretics', '2024-12-03', CURDATE()),
                        (159, 169, 170, 29, 164, 'Team Heretics', '2024-03-05', '2024-11-08'),
                        (159, 169, 166, 29, 164, 'Team Heretics', '2023-12-05', '2024-05-07'),
                        (171, 169, 161, 29, 105, 'Team Heretics', '2023-06-07', '2023-11-30'),
                        (171, 169, 172, 173, 105, 'Team Heretics', '2022-12-10', '2023-05-28'),
                        
                        (31, 32, 33, 34, 35, 'Movistar KOI', '2024-12-06', CURDATE()),
                        (174, 175, 176, 177, 158, 'Movistar KOI', '2024-05-10', '2024-12-05'),
                        (174, 178, 176, 177, 179, 'Movistar KOI', '2024-01-04', '2024-04-29'),
                        (131, 47, 48, 109, 156, 'Movistar KOI', '2023-06-09', '2023-11-20'),
                        (131, 47, 48, 109, 155, 'Movistar KOI', '2022-12-16', '2023-06-08'),
                        
                        (36, 37, 38, 39, 40, 'SK Gaming', '2025-02-28', CURDATE()),
                        (36, 42, 38, 39, 40, 'SK Gaming', '2024-12-16', '2025-02-28'),
                        (21, 42, 15, 39, 181, 'SK Gaming', '2024-05-31', '2024-11-12'),
                        
                        (41, 42, 43, 44, 45, 'GiantX', '2025-03-21', CURDATE()),
                        (41, 180, 43, 44, 45, 'GiantX', '2025-01-16', '2025-03-07'),
                        (182, 183, 43, 49, 184, 'GiantX', '2024-04-23', '2024-11-12'),
                        (185, 186, 43, 49, 184, 'GiantX', '2023-12-14', '2024-04-23'),
                        
                        (46, 47, 48, 49, 50, 'Rogue', '2024-12-28', CURDATE()),
                        (131, 102, 48, 109, 130, 'Rogue', '2023-11-22', '2024-12-04'),
                        
                        (51, 52, 53, 54, 55, 'T1', '2024-11-19', CURDATE()),
                        (71, 52, 53, 54, 55, 'T1', '2020-12-01', CURDATE()),
                        
                        (56, 57, 58, 59, 60, 'Gen.G', '2024-11-20', CURDATE()),
                        (56, 57, 58, 152, 90, 'Gen.G', '2023-11-29', '2024-11-19'),
						(51, 72, 58, 152, 75, 'Gen.G', '2022-11-23', '2023-11-21'),
                        
                        (61, 62, 63, 64, 65, 'Dplus KIA', '2024-11-20', CURDATE()),
                        (86, 62, 63, 64, 95, 'Dplus KIA', '2023-11-23', '2024-11-19'),
                        (16, 57, 63, 187, 95, 'Dplus KIA', '2022-11-23', '2023-11-22'),
                        
                        (66, 67, 68, 69, 70, 'DRX', '2024-11-20', CURDATE()),
                        
                        (71, 72, 73, 74, 75, 'Hanwha Life Esports', '2024-11-20', CURDATE()),
                        (51, 72, 73, 74, 75, 'Hanwha Life Esports', '2023-11-24', '2024-11-19'),
                        (86, 188, 73, 74, 85, 'Hanwha Life Esports', '2023-07-02', '2023-11-23'),
                        (86, 188, 73, 74, 189, 'Hanwha Life Esports', '2022-11-20', '2023-07-01'),
                        
                        (76, 77, 78, 79, 80, 'KT Rolster', '2025-03-19', CURDATE()),
                        (76, 77, 78, 79, 190, 'KT Rolster', '2024-11-23', '2025-03-18'),
                        (76, 82, 78, 187, 65, 'KT Rolster', '2023-12-01', '2024-11-22'),
                        (56, 77, 78, 64, 90, 'KT Rolster', '2022-11-23', '2023-11-30'),
                        
                        (81, 82, 83, 84, 85, 'DN Freecs', '2024-11-19', CURDATE()),
                        (81, 77, 83, 191, 70, 'DN Freecs', '2024-05-22', '2024-11-18'),
                        (81, 77, 83, 192, 70, 'DN Freecs', '2023-12-15','2024-05-22'), 
                        
                        (86, 87, 88, 89, 90, 'Nongshim RedForce', '2025-01-12', CURDATE()),
                        (86, 193, 88, 89, 90, 'Nongshim RedForce', '2024-11-22', '2025-01-11'),
                        (194, 193, 88, 89, 80, 'Nongshim RedForce', '2024-05-23', '2024-11-21'),
                        (194, 193, 195, 89, 80, 'Nongshim RedForce', '2023-06-18', '2024-05-22'),
                        (194, 193, 195, 196, 80, 'Nongshim RedForce', '2022-11-22', '2023-06-18'),
                        
                        (91, 92, 93, 94, 95, 'BNK FearX', '2024-11-20', CURDATE()),
                        (91, 92, 98, 197, 60, 'BNK FearX', '2024-06-30', '2024-11-19'),
                        (91, 198, 98, 197, 50, 'BNK FearX', '2023-11-23', '2024-06-29'),
                        (199, 198, 98, 69, 200, 'BNK FearX', '2023-04-12', '2023-11-22'),
                        (199, 198, 98, 201, 200, 'BNK FearX', '2022-12-05', '2023-04-11'),
                        
                        (96, 97, 98, 99, 100, 'OKSavingsBank BRION', '2024-11-21', CURDATE()),
                        
                        (101, 102, 103, 104, 105, 'Solary', '2025-01-01', CURDATE()),
                        (106, 107, 108, 109, 110, 'Gentle Mates', '2025-01-01', CURDATE()),
                        (111, 112, 113, 114, 115, 'GameWard', '2025-01-01', CURDATE()),
                        (116, 117, 118, 119, 120, 'Joblife', '2025-01-01', CURDATE()),
                        (121, 122, 123, 124, 125, 'Ici Japon Corp', '2025-01-01', CURDATE()),
                        (126, 127, 128, 129, 130, 'Galions', '2025-01-01', CURDATE()),
                        (131, 132, 133, 134, 135, 'BK ROG Esports', '2025-01-01', CURDATE()),
                        (136, 137, 138, 139, 140, 'Karmine Corp Blue', '2025-01-01', CURDATE()),
                        (141, 142, 143 , 144, 145, 'Team BDS Academy', '2025-01-01', CURDATE()),
                        
                        (146, 147, 148, 149, 150, 'Bilibili Gaming', '2024-01-01', CURDATE());
